threads,efficiency
1,1.0
2,0.6489928917771085
4,0.5193755465710194
8,0.21368586178126953
