threads,speedup
1,1.0
2,1.297985783554217
4,2.0775021862840775
8,1.7094868942501562
