threads,time
1,0.491751
2,0.378857
4,0.236703
8,0.287660
