points,threads,time
10000,1,0.064441
10000,2,0.030230
10000,4,0.016755
10000,8,0.009753
50000,1,0.295251
50000,2,0.149761
50000,4,0.083891
50000,8,0.048293
100000,1,0.604280
100000,2,0.307581
100000,4,0.180104
100000,8,0.097180
500000,1,3.045511
500000,2,1.568068
500000,4,0.839293
500000,8,0.482169
