points,threads,time
50000,1,0.304208
50000,2,0.154120
50000,4,0.084333
50000,8,0.048344
100000,1,0.612846
100000,2,0.318586
100000,4,0.169632
100000,8,0.097392
500000,1,3.100231
500000,2,1.608877
500000,4,0.841778
500000,8,0.481548
1000000,1,6.248106
1000000,2,3.258084
1000000,4,1.677720
1000000,8,0.963472
5000000,1,31.028543
5000000,2,16.386545
5000000,4,8.520109
5000000,8,4.877766
